PROPERTYSQFT,PRICE
1400.0,315000
17545.0,195000000
2015.0,260000
445.0,69000
14175.0,55000000
4004.0,690000
2184.207862,899500
33000.0,16800000
750.0,265000
978.0,440000
850.0,375000
1162.0,689000
2184.207862,259000
2184.207862,430000
2184.207862,895000
1000.0,549000
1734.0,975000
325.0,199000
700.0,350000
974.0,599000
1260.0,639999
1244.0,1300000
2837.0,1100000
651.0,349900
1330.0,750000
2200.0,1690000
2184.207862,325000
5670.0,2250000
2184.207862,230000
3156.0,1299888
2750.0,925000
794.0,329000
5040.0,1300000
2080.0,848000
750.0,279000
602.0,528000
3156.0,1299888
2184.207862,275000
815.0,1165000
3290.0,1199000
3053.0,700000
3200.0,2150000
2460.0,1280000
2184.207862,199900
2184.207862,369000
1591.0,699000
2400.0,4250000
2184.207862,825000
837.0,329000
1520.0,889000
2184.207862,769000
2536.0,1200000
900.0,220500
2739.0,1999000
1300.0,3250000
1267.0,1650000
2554.0,1049000
2400.0,998800
2400.0,998800
1952.0,3150000
2184.207862,849000
800.0,559500
835.0,750000
1029.0,1900000
1201.0,1250000
1182.0,1395000
2184.207862,198000
1400.0,619888
3780.0,1489000
15200.0,65000000
1413.0,1595000
803.0,655000
1115.0,1175000
2350.0,2880000
2150.0,798000
2184.207862,1685000
4492.0,31000000
2184.207862,2550000
2184.207862,119000
2184.207862,269000
1065.0,1650000
1065.0,1650000
3344.0,12950000
2223.0,5750000
2184.207862,250000
3384.0,950000
1100.0,585000
2184.207862,8750000
1316.0,595000
625.0,215000
621.0,950000
1572.0,314000
1000.0,395000
2184.207862,600000
2520.0,790000
1100.0,539000
1995.0,1295000
2184.207862,245000
2385.0,400000
12000.0,55000000
1000.0,280000
1440.0,899000
1400.0,2280000
2184.207862,649000
2184.207862,739000
3000.0,1495000
3528.0,3950000
979.0,325000
2184.207862,299999
4720.0,2695000
3958.0,4800000
1360.0,694000
2846.0,688888
1980.0,400000
2184.207862,346000
1980.0,400000
2184.207862,346000
2184.207862,265000
1224.0,319000
2184.207862,24800000
3276.0,1100000
2184.207862,309000
1522.0,650000
1975.0,799000
1089.0,259000
2704.0,1195000
5499.0,17500000
966.0,189000
1200.0,759000
2184.207862,275000
630.0,499000
2184.207862,1249000
700.0,69900
5508.0,1150000
3740.0,1749900
1993.0,1399000
1182.0,649000
1760.0,499000
3132.0,1050000
6425.0,5000000
660.0,90000
24000.0,56000000
1638.0,650000
1794.0,500000
490.0,350000
2184.207862,1099000
450.0,90000
2184.207862,839000
2184.207862,659000
2184.207862,659000
2184.207862,399999
2184.207862,250000
1132.0,1740000
2244.0,650000
3500.0,1165000
1150.0,729900
3150.0,1880000
1549.0,449000
2250.0,1175000
2184.207862,2750000
2184.207862,995000
2000.0,2000000
2184.207862,15000000
8333.0,2800000
3024.0,2600000
6000.0,3500000
2184.207862,550000
2184.207862,769000
2400.0,675000
1238.0,879000
2184.207862,918888
1892.0,2400000
3024.0,1730000
2184.207862,425000
1450.0,2500000
2000.0,998000
2688.0,1195000
2052.0,1649000
2100.0,955000
2184.207862,949000
1743.0,880000
10582.0,39995000
2184.207862,1250000
1784.0,899999
750.0,198000
496.0,549000
1320.0,1088888
2686.0,888000
230.0,65000
2184.207862,1449999
2184.207862,14900000
2250.0,1695000
4100.0,2499000
2508.0,1970000
2184.207862,1895000
1248.0,689000
1440.0,649999
864.0,669000
825.0,800000
2184.207862,2375000
6688.0,2400000
586.0,390000
2184.207862,2250000
2700.0,1450000
792.0,725000
2184.207862,269000
2184.207862,695000
2184.207862,1300000
1250.0,459000
1008.0,689999
1405.0,425000
6800.0,10000000
2184.207862,1525000
3519.0,1499000
2184.207862,695000
2184.207862,1300000
2184.207862,269000
1405.0,425000
3519.0,1499000
1480.0,519000
2184.207862,358000
2184.207862,975000
11638.0,29200000
975.0,498000
900.0,385000
3144.0,999000
2184.207862,399000
2800.0,599000
1800.0,829888
1548.0,699998
2184.207862,1088000
1280.0,999000
2184.207862,1188888
700.0,265000
845.0,288000
1750.0,999995
1350.0,1495000
1000.0,925000
2184.207862,349000
3000.0,2000000
1376.0,839000
820.0,329000
3683.0,899000
2184.207862,615000
1257.0,800000
1248.0,430000
1288.0,499000
1400.0,439500
2184.207862,299000
6493.0,2580000
613.0,200000
2184.207862,425000
850.0,69000
1546.0,1995000
620.0,230000
590.0,220000
2184.207862,198000
2184.207862,1495000
615.0,475000
2184.207862,199900
1444.0,1150000
2184.207862,1575000
2184.207862,229000
2184.207862,2700000
936.0,320000
700.0,295000
2184.207862,550000
1000.0,285000
800.0,328000
2184.207862,1388000
2184.207862,3000000
2184.207862,2198888
2310.0,650000
890.0,1100000
4050.0,2649000
800.0,849000
2184.207862,6500000
550.0,560000
890.0,1100000
4050.0,2649000
800.0,849000
900.0,418888
3978.0,2600000
2160.0,899000
2860.0,979000
2184.207862,199000
2184.207862,815000
800.0,1025000
920.0,1375000
1437.0,875000
3000.0,1350000
2184.207862,989000
2945.0,815156
2560.0,1949000
1893.0,669000
2184.207862,900500
2184.207862,1465000
1100.0,899000
726.0,1100000
2184.207862,1199000
2184.207862,325000
1176.0,599000
2184.207862,1230000
2184.207862,3950000
10000.0,2147483647
3383.0,1350000
1800.0,799000
5600.0,1599000
2755.0,1299900
2184.207862,370000
2184.207862,3225
2184.207862,3649000
2324.0,860000
2205.0,765000
750.0,259000
3135.0,1500000
1005.0,850000
2184.207862,2494
2184.207862,99000
750.0,535000
2342.0,849998
2184.207862,1100000
1574.0,998000
2184.207862,1500000
2860.0,875000
1144.0,2350000
1908.0,850000
2248.0,4000000
2184.207862,1200000
3809.0,12000000
2184.207862,1300000
585.0,799000
250.0,339000
2680.0,875000
2296.0,799000
2296.0,799000
1380.0,285000
1340.0,2499000
1440.0,795000
2184.207862,1799995
1224.0,250000
3000.0,5999000
1606.0,668000
1470.0,699900
4600.0,5295000
1123.0,2265000
950.0,459000
2900.0,1369000
2184.207862,879000
679.0,559000
2184.207862,869888
2184.207862,799888
1040.0,749000
2184.207862,499000
2193.0,1295000
2242.0,879900
1150.0,400000
2184.207862,699999
666.0,289000
616.0,699000
2184.207862,5800
3100.0,479000
1002.0,1355000
882.0,1225000
4531.0,9999000
656.0,105000
952.0,300000
2400.0,799000
1453.0,202000
1430.0,720000
2184.207862,600000
1200.0,599000
860.0,235000
960.0,319000
2184.207862,950000
2184.207862,1088888
3300.0,1250000
2184.207862,650000
960.0,774888
650.0,105509
2184.207862,995000
2184.207862,995000
1728.0,769000
1100.0,395995
900.0,975000
1744.0,499999
2184.207862,1649000
2184.207862,365000
1620.0,748999
2184.207862,635000
400.0,149000
1760.0,1099000
2184.207862,3950000
2400.0,1529999
1404.0,675000
2184.207862,2650000
2184.207862,420000
2184.207862,2999950
980.0,559900
2184.207862,549000
950.0,999000
2184.207862,289000
2184.207862,790000
3632.0,2295000
3000.0,1150000
9026.0,13995000
2184.207862,6100000
2184.207862,350000
2184.207862,450000
2184.207862,2999999
2184.207862,2500000
2184.207862,350000
2184.207862,150000
2184.207862,3600000
2184.207862,150000
1400.0,235000
2184.207862,199000
2184.207862,2000000
2184.207862,2200000
2184.207862,650000
2184.207862,149000
2000.0,215000
2184.207862,799999
2184.207862,299000
2184.207862,265000
2184.207862,795000
2184.207862,1245000
2184.207862,549000
2888.0,7495000
4080.0,2850000
747.0,215000
2184.207862,299000
1104.0,275000
2100.0,898000
900.0,275000
1682.0,599000
730.0,189000
1575.0,678990
1824.0,800000
1092.0,549000
2000.0,849000
2184.207862,675000
664.0,130000
2184.207862,759999
978.0,489000
1750.0,799900
2184.207862,295000
1010.0,159000
1144.0,999500
2310.0,589000
850.0,329000
1881.0,799000
1580.0,1188000
1400.0,729000
1495.0,614900
1500.0,599000
2184.207862,950000
2184.207862,11000000
2184.207862,348000
540.0,965000
2280.0,1095000
1242.0,2295000
2184.207862,13500000
800.0,49500
2256.0,460000
2184.207862,825000
1590.0,1230250
1344.0,799999
2184.207862,259500
4920.0,1300000
1300.0,749000
660.0,265000
900.0,575000
2180.0,849000
1214.0,875000
1360.0,599999
2184.207862,1150000
3840.0,1188000
2640.0,579900
2440.0,1295000
1376.0,250000
2184.207862,1395000
1751.0,1648000
2184.207862,1675000
1748.0,950000
2184.207862,449500
500.0,184888
500.0,399000
1078.0,209000
1100.0,280000
2184.207862,625000
2184.207862,275000
2049.0,924800
2112.0,1300000
2288.0,995000
4105.0,16500000
1793.0,695000
4105.0,16500000
1793.0,695000
1738.0,998000
1980.0,899000
2184.207862,849000
2184.207862,235000
2184.207862,399999
1701.0,520000
2184.207862,485000
1100.0,215000
2640.0,1288000
900.0,270000
1200.0,375000
2184.207862,565000
2184.207862,849000
2184.207862,199000
9000.0,5500000
2184.207862,899000
2350.0,699000
8139.0,27750000
1148.0,739000
1700.0,425000
900.0,300000
1780.0,569000
1273.0,789000
2753.0,10500000
825.0,350000
6312.0,5895000
2184.207862,1250000
2264.0,1499999
2184.207862,1488000
2184.207862,285000
2184.207862,699000
1404.0,924900
2318.0,560000
5100.0,1998000
2184.207862,309000
2160.0,925000
2184.207862,999000
833.0,699000
2184.207862,278500
2184.207862,738000
2700.0,900000
1470.0,369000
1620.0,609000
1278.0,758000
1890.0,728000
1200.0,314900
4443.0,2848000
2046.0,1298000
2500.0,1095000
1286.0,434900
1350.0,375000
6000.0,1375000
2400.0,4680000
1200.0,549000
1400.0,549000
1520.0,950000
2184.207862,388000
4917.0,5600000
3472.0,1600000
3912.0,6995000
2184.207862,1399000
1350.0,399000
630.0,529900
2184.207862,999000
2184.207862,575000
2184.207862,659900
2385.0,2200000
1550.0,898888
3427.0,1250000
2240.0,1188000
2080.0,869999
1050.0,219000
1840.0,210000
2184.207862,799000
1100.0,298000
3500.0,1248888
955.0,1075000
1572.0,1695000
1887.0,3795000
2184.207862,550000
2184.207862,775000
800.0,249900
1152.0,650000
2184.207862,410000
4320.0,1650000
1100.0,1600000
2184.207862,325000
900.0,275000
1620.0,700000
2184.207862,930000
704.0,379000
1376.0,1150000
1100.0,568888
2052.0,1200000
2550.0,899900
1200.0,799999
2184.207862,300000
3098.0,750000
1196.0,669999
1200.0,575000
2184.207862,299000
1440.0,548800
12300.0,28500000
2184.207862,259000
2184.207862,425000
2200.0,950000
600.0,185000
2364.0,1688888
2184.207862,259000
2200.0,950000
2364.0,1688888
2184.207862,689000
2184.207862,419000
2184.207862,1199000
2184.207862,2150000
2208.0,899000
2184.207862,675000
2184.207862,875000
1130.0,899000
2184.207862,219000
600.0,120000
2184.207862,470000
950.0,229000
11760.0,3000000
2184.207862,1199000
2961.0,1498000
2000.0,2000000
6569.0,50000000
2184.207862,550000
1176.0,499000
2202.0,800000
798.0,239000
8750.0,29950000
1440.0,674999
7200.0,14000000
950.0,1228000
2400.0,880000
2184.207862,369888
2184.207862,500000
2184.207862,499000
3800.0,2998888
850.0,175849
1445.0,499000
1952.0,899975
2050.0,1474000
6300.0,2750000
3428.0,3999000
1700.0,1288000
1428.0,499000
2400.0,989000
2184.207862,650000
4803.0,1999999
3750.0,5990000
2184.207862,1235000
2184.207862,785000
1750.0,750000
2184.207862,1400000
2464.0,865000
2184.207862,324000
3750.0,1100000
2184.207862,2295000
2570.0,8950000
2450.0,1348888
850.0,220000
2184.207862,185000
1350.0,499000
1980.0,999999
2000.0,4995000
2184.207862,700000
1820.0,1180000
2184.207862,609000
950.0,250000
2184.207862,689000
2184.207862,585000
550.0,109500
640.0,299000
1987.0,995000
3144.0,1499000
2184.207862,299000
550.0,279000
2184.207862,235000
2184.207862,17900000
2288.0,950000
950.0,859000
2000.0,1999000
2988.0,1458888
2184.207862,650000
1400.0,1100000
554.0,478900
965.0,2795000
2624.0,560000
2024.0,868000
2184.207862,999000
2184.207862,1590000
375.0,149000
1355.0,594900
2184.207862,799000
2184.207862,985000
2625.0,685000
1188.0,479888
2184.207862,2500000
514.0,355000
2184.207862,260000
4057.0,2600000
2184.207862,2500000
2184.207862,220000
1549.0,489000
2375.0,1288000
1260.0,200000
2184.207862,625000
1724.0,2245000
2184.207862,899000
1330.0,575000
1640.0,588888
2184.207862,650000
2184.207862,899999
850.0,315000
4073.0,1599999
5660.0,10000000
2230.0,825000
1860.0,795000
1325.0,690000
2720.0,1249949
2184.207862,799000
2184.207862,115000
2394.0,2088000
1766.0,699000
650.0,119000
2184.207862,1275000
2184.207862,410000
900.0,309900
1034.0,435000
2184.207862,879000
622.0,325000
2184.207862,1195000
2200.0,1900000
2184.207862,868000
2184.207862,1770000
1480.0,899000
960.0,990000
2184.207862,818000
2184.207862,409000
1474.0,679000
2184.207862,259000
2280.0,850000
6000.0,8750000
953.0,495000
800.0,825000
1800.0,1075000
4000.0,1950000
5130.0,6800000
2184.207862,7999000
900.0,578000
4373.0,8995000
1360.0,629000
993.0,329900
2184.207862,1788888
2184.0,899000
750.0,2150000
2905.0,1290000
2184.207862,109000
1344.0,545000
960.0,307000
750.0,595000
2452.0,1088888
1912.0,650000
15000.0,4380000
1740.0,949999
1998.0,879000
2886.0,850000
1200.0,675000
900.0,199000
430.0,395000
2184.207862,368000
2754.0,999999
782.0,374900
2184.207862,365000
2184.207862,25500000
3036.0,999000
2184.207862,825000
2184.207862,889000
789.0,225000
2250.0,799500
2184.207862,779000
3240.0,1880000
5000.0,3000000
2184.207862,480000
2184.207862,820000
800.0,385000
2184.207862,709999
1500.0,699000
1400.0,649000
1618.0,529000
750.0,325000
1392.0,999000
1064.0,160000
1884.0,3895000
2184.207862,699000
1165.0,615000
800.0,249000
1998.0,1290000
2375.0,850000
1140.0,588000
2184.207862,1790000
2184.207862,1175000
2184.207862,579000
850.0,249000
3600.0,2480000
2270.0,999000
750.0,228500
2184.207862,305000
3600.0,1500000
2185.0,778000
1320.0,850000
2184.207862,428000
2184.207862,639000
2184.207862,835000
1560.0,1250000
2160.0,1695000
1440.0,502900
1420.0,749000
2248.0,529000
2184.207862,705000
2184.207862,549000
48000.0,7200000
745.0,335000
2184.207862,599000
1059.0,334999
2184.207862,295000
2184.207862,560000
2184.207862,549000
745.0,335000
1059.0,334999
2184.207862,295000
2279.0,799000
1046.0,720000
750.0,249999
2184.207862,850000
2184.207862,750000
2184.207862,625000
896.0,650000
5939.0,4845000
2184.207862,580000
2184.207862,887785
701.0,499999
1348.0,599000
2169.0,1149000
2400.0,988000
1884.0,764600
2184.207862,699900
4296.0,5495000
7723.0,3900000
2184.207862,999000
5100.0,10495000
2184.207862,188000
1232.0,499900
2184.207862,545000
2184.207862,705000
2184.207862,1289000
2184.207862,389000
2184.207862,350000
2184.207862,1289000
1232.0,499900
2184.207862,350000
2184.207862,295000
2184.207862,918000
3176.0,1799000
1827.0,989000
2144.0,890000
1164.0,469888
2184.207862,310000
2184.207862,479000
2184.207862,1290000
3376.0,4250000
3700.0,7400000
2184.207862,899000
5834.0,16500000
1300.0,659000
2184.207862,1150000
2184.207862,499000
1476.0,725000
2184.207862,929000
1600.0,629000
1428.0,285000
2184.207862,315000
824.0,698000
2184.207862,849000
4900.0,1775000
2160.0,3850000
3180.0,4500000
988.0,465000
2280.0,869900
2034.0,699000
864.0,799000
2184.207862,290000
2076.0,575000
2184.207862,290000
2472.0,500000
4600.0,2750000
766.0,495000
2279.0,1199000
1500.0,605000
2184.207862,550000
1065.0,768000
1711.0,2099000
1480.0,575000
1224.0,639000
2184.207862,525000
2160.0,850000
2600.0,674999
2184.207862,345000
3443.0,788888
1160.0,379000
814.0,1495000
1788.0,2288000
2184.207862,699000
900.0,250000
2184.207862,1120000
20000.0,25000000
2184.207862,858000
1000.0,1275000
2192.0,1070000
5353.0,4800000
6630.0,14600000
2184.207862,895000
2400.0,1250000
2184.207862,1788000
1344.0,799000
2184.207862,879000
2400.0,963000
2184.207862,998000
1000.0,950000
2184.207862,410000
900.0,269000
7000.0,8500000
2184.207862,1195000
1069.0,550000
10720.0,2800000
2184.207862,940000
2184.207862,865000
4412.0,7995000
1284.0,690000
2184.207862,330000
5000.0,8750000
1200.0,619000
1050.0,899000
1144.0,1175000
6000.0,2999000
1793.0,1395000
2184.207862,800000
686.0,499000
2743.0,1625000
1444.0,799999
3150.0,1139000
1650.0,529000
1200.0,300000
1802.0,799000
1526.0,869000
1480.0,749000
875.0,240900
2184.207862,1295000
6200.0,3850000
1716.0,549000
750.0,129000
900.0,475000
1408.0,980000
1824.0,1199000
3134.0,1299999
1100.0,265000
2184.207862,262500
11250.0,2699000
3300.0,1200000
2184.207862,850000
11250.0,2699000
2720.0,989000
3300.0,1200000
1800.0,899999
3045.0,2780000
1050.0,999000
2184.207862,699000
445.0,60000
1248.0,499999
1272.0,599999
2000.0,725000
1780.0,998888
2700.0,980000
2184.207862,800000
4450.0,1299000
1128.0,799000
3080.0,995000
2295.0,1250000
2184.207862,1275000
3150.0,749999
4100.0,2650000
2184.207862,999000
2184.207862,279000
1008.0,479000
1600.0,2300000
1074.0,294000
2245.0,1390000
1026.0,450000
2184.207862,999000
3420.0,1999000
2184.207862,1288000
1376.0,639888
2180.0,569900
2184.207862,1630000
1300.0,689888
2184.207862,378000
7110.0,23900000
2184.207862,149000
1320.0,589000
2259.0,958000
2184.207862,195000
608.0,299000
3645.0,1750000
2184.207862,815000
2184.207862,989000
2184.207862,1075000
1000.0,879000
2184.207862,999995
1200.0,430000
2184.207862,445000
1900.0,999000
2184.207862,2299000
1960.0,1225000
2184.207862,849000
1760.0,1350000
3150.0,1600000
441.0,600000
2184.207862,435000
4342.0,4999999
2184.207862,800000
750.0,329000
2184.207862,10975000
2184.207862,599000
2184.207862,699999
725.0,539000
2184.207862,370000
2184.207862,1499000
2184.207862,299000
3800.0,2400000
850.0,275000
1750.0,1395000
550.0,568000
2184.207862,1049000
550.0,568000
2184.207862,1049000
1200.0,899000
2184.207862,495000
1328.0,535000
1596.0,799999
1274.0,1989000
2223.0,699000
900.0,369000
2100.0,599000
680.0,169000
1600.0,749000
3500.0,1099000
1364.0,475000
676.0,124900
1943.0,619000
1008.0,599000
1486.0,689900
10100.0,5900000
815.0,249000
2184.207862,509000
1150.0,549000
2184.207862,2995000
3850.0,1999000
2184.207862,350000
2184.207862,269000
2184.207862,7500000
2184.207862,9950000
1779.0,2200000
1800.0,479000
2184.207862,60000000
2184.207862,329000
4384.0,1500000
2184.207862,560000
2160.0,588000
1652.0,3300000
1800.0,479000
2184.207862,169999
950.0,439000
1760.0,758000
2184.207862,448000
2160.0,588000
2601.0,2977000
900.0,385000
1928.0,1475000
2184.207862,978000
1398.0,2700000
9500.0,3500000
900.0,349000
1596.0,790000
995.0,750000
995.0,1195000
995.0,1750000
2868.0,874999
900.0,324900
791.0,97500
2035.0,2200000
1798.0,999000
995.0,550000
1100.0,519999
1100.0,729000
3900.0,999999
7200.0,2898555
2184.207862,611999
2100.0,1500000
4959.0,5600000
857.0,299999
6300.0,2358000
1260.0,748888
1450.0,630000
1043.0,1389000
925.0,319000
2184.207862,319000
2184.207862,1250000
1848.0,1199000
3328.0,1500000
1320.0,780000
2184.207862,350000
750.0,255000
905.0,649000
1596.0,1480000
1824.0,628000
875.0,190000
2184.207862,450000
5600.0,2473888
1950.0,785000
1240.0,699900
2184.207862,2495000
850.0,149999
610.0,208000
750.0,172800
3933.0,1768888
2250.0,1239998
5500.0,1699000
2184.207862,1350000
2362.0,889000
1100.0,1300000
675.0,310000
22035.0,11000000
3617.0,1149000
585.0,239900
450.0,257000
1860.0,1090000
2184.207862,799999
3976.0,2045000
2700.0,1195000
900.0,340000
1596.0,1375000
1644.0,749000
2184.207862,1399000
1880.0,775000
1860.0,1090000
900.0,340000
2184.207862,948000
2184.207862,1399000
2184.207862,880000
600.0,699000
2184.207862,2250000
2184.207862,319000
2184.207862,1300000
1800.0,729000
800.0,425000
2184.207862,399000
652.0,625000
700.0,269000
1440.0,449000
2300.0,699000
1250.0,550000
2058.0,799900
1200.0,758000
1680.0,829000
1230.0,789000
8500.0,24990000
2184.207862,2250000
2184.207862,359000
1440.0,1439000
3280.0,1050000
503.0,134500
9075.0,11900000
2000.0,270000
2184.207862,2280000
2184.207862,278999
2184.207862,2280000
2184.207862,625000
2000.0,270000
1344.0,605000
1150.0,529000
2184.207862,1050000
2184.207862,225000
1224.0,1049000
2184.207862,259000
2184.207862,599000
1316.0,675000
1862.0,3595000
1871.0,789000
1872.0,998000
2280.0,889000
1820.0,825000
3490.0,599999
2184.207862,10999000
2184.207862,2750000
1064.0,649000
3960.0,989000
1100.0,357000
2184.207862,25000000
2184.207862,119888
2185.0,1099999
2184.207862,749000
1680.0,589999
12492.0,6995000
8725.0,22500000
1332.0,749000
1156.0,499000
2184.207862,859000
2184.207862,599999
1324.0,899000
850.0,315000
5301.0,1999999
1746.0,950000
6798.0,13950000
3375.0,1399000
660.0,595000
2200.0,1618000
2184.207862,485000
1592.0,748000
1928.0,1100000
5046.0,3995000
440.0,659000
2018.0,1099000
1102.0,319000
3168.0,999000
1571.0,398000
500.0,249000
2648.0,1299000
6336.0,8950000
1500.0,750000
1916.0,1100000
2380.0,1275000
750.0,689000
2184.207862,320000
2184.207862,3995000
2500.0,1399000
1089.0,395000
2273.0,1250000
1440.0,719000
1171.0,795000
2184.207862,1175000
2054.0,4250000
2201.0,2500000
1600.0,850000
2948.0,1350000
2200.0,929000
2184.207862,549990
2184.207862,34000000
2184.207862,1550000
2184.207862,265000
1630.0,879000
2184.207862,1200000
4250.0,7500000
2184.207862,325000
2184.207862,755000
2184.207862,325000
2184.207862,1395000
980.0,649000
800.0,499999
2720.0,999998
2184.207862,1358000
2184.207862,1650000
2184.207862,680000
650.0,258888
1283.0,660000
2184.207862,300000
1270.0,318888
2184.207862,330000
747.0,747000
2184.207862,699000
2184.207862,875000
1100.0,385000
2184.207862,985000
1017.0,349000
2184.207862,5950000
1344.0,968000
2184.207862,569000
650.0,238000
5712.0,1200000
2184.207862,4995000
1596.0,911600
1144.0,598000
700.0,472000
2184.207862,549000
12200.0,3995000
700.0,472000
1144.0,598000
1200.0,1085000
1535.0,680000
637.0,200000
1000.0,210000
996.0,525000
2184.207862,999000
5400.0,1799000
5000.0,1900000
1200.0,519000
960.0,728900
2184.207862,549000
4346.0,2300000
1300.0,299999
2832.0,1800000
2184.207862,1195000
2184.207862,200000
4346.0,2300000
2832.0,1800000
1300.0,299999
1095.0,599000
3050.0,7500000
2184.207862,1775000
2184.207862,1059000
1672.0,1288888
3448.0,1299999
2700.0,1399999
2410.0,725000
2184.207862,232500
2184.207862,250000
862.0,639000
2060.0,950000
4000.0,12500000
2184.207862,430000
2184.207862,299000
1400.0,279000
1508.0,1725000
3620.0,1698000
1354.0,438000
512.0,100000
2184.207862,299000
995.0,625000
1520.0,350000
2184.207862,699999
2184.207862,529000
7058.0,23000000
1208.0,599000
900.0,279900
875.0,165000
2184.207862,270000
825.0,625000
900.0,279900
7058.0,23000000
3111.0,1970000
1780.0,580000
1272.0,979000
2184.207862,269000
2184.207862,1700000
2184.207862,499000
2275.0,1699888
2184.207862,3100000
1752.0,499000
3312.0,1250000
900.0,245000
6360.0,5800000
4270.0,2350000
450.0,425000
2340.0,799000
1700.0,725000
1697.0,3695000
3600.0,3100000
2184.207862,1499999
2184.207862,1250000
1840.0,1199000
5000.0,28000000
2184.207862,719000
2184.207862,169000
850.0,99000
1601.0,399000
1140.0,1300000
2184.207862,888000
2184.207862,1308888
2184.207862,1265000
751.0,558000
2340.0,1280000
1450.0,429000
853.0,399900
1040.0,499900
1450.0,429000
2334.0,2489000
950.0,255500
6000.0,30000000
2184.207862,395000
2184.207862,1090000
2175.0,471300
3918.0,9450000
1720.0,1089000
500.0,220000
8000.0,9950000
950.0,295000
2704.0,1375000
1050.0,399000
800.0,219999
2184.207862,129000
2184.207862,329000
1856.0,639000
1240.0,750000
1763.0,499999
2184.207862,560000
1513.0,1268000
2800.0,1899000
2184.207862,129000
1600.0,888000
7200.0,2100000
6707.0,2900000
2184.207862,1250000
2184.207862,1078000
2950.0,3200000
2184.207862,555555
2184.207862,293900
1192.0,1175000
2184.207862,160000
1880.0,999999
2000.0,1448000
5436.0,2950000
600.0,150000
673.0,354900
2184.207862,580000
1776.0,969000
538.0,530000
7723.0,3900000
2184.207862,624999
2184.207862,551000
2184.207862,14800000
1122.0,450000
1296.0,475000
2184.207862,995000
2184.207862,650000
2184.207862,250000
600.0,125000
2195.0,2200000
2184.207862,925000
2184.207862,639000
1509.0,215000
5600.0,2050000
1050.0,279000
968.0,785000
1312.0,669000
2880.0,3650000
3740.0,6700000
2184.207862,681000
1672.0,530000
1580.0,1700000
1085.0,339000
1224.0,800000
700.0,189000
2184.207862,48000000
2184.207862,4995000
2050.0,835000
1198.0,999999
877.0,575000
2184.207862,349750
2184.207862,385000
3397.0,7950000
1100.0,324900
2184.207862,175000
2184.207862,915999
5250.0,1850000
7488.0,40000000
1100.0,324900
5250.0,1850000
800.0,175000
775.0,850000
2184.207862,729000
4000.0,5995000
2184.207862,480000
4480.0,4200000
2184.207862,1198000
3676.0,1848000
750.0,285000
2460.0,849000
1250.0,549000
1700.0,729000
2184.207862,199999
9000.0,4900000
1728.0,600000
1340.0,599000
2268.0,599000
1185.0,725000
2600.0,1295000
1500.0,798888
1800.0,529000
2400.0,999998
615.0,499000
3000.0,1550000
2184.207862,319000
1424.0,759000
260.0,245000
1548.0,1249000
939.0,455000
2184.207862,319000
2024.0,999900
666.0,395000
430.0,620000
3264.0,1295000
1241.0,849000
5500.0,8995000
2184.207862,650000
1452.0,2995000
800.0,495000
1222.0,675000
600.0,999000
1334.0,2250000
3720.0,1299000
640.0,429000
2184.207862,649999
9000.0,10995000
3000.0,2050000
1456.0,1299000
2200.0,1075000
800.0,174000
1518.0,1193000
2184.207862,4995000
10500.0,12500000
2828.0,898000
1500.0,1288000
2600.0,1749999
1253.0,575000
2183.0,5100000
1321.0,2000000
850.0,170000
2100.0,1295000
1332.0,749000
3640.0,1848000
2184.207862,465000
2184.207862,298999
780.0,209900
2184.207862,539000
2184.207862,2975000
2184.207862,2099000
925.0,199900
2184.207862,789000
1565.0,919000
2184.207862,815599
3305.0,1050000
830.0,289999
2184.207862,4050000
3375.0,7750000
3192.0,1998000
1281.0,1250000
1058.0,680000
2184.207862,1299000
2184.207862,899000
2184.207862,845000
1200.0,2098000
1300.0,899000
2184.207862,758888
2184.207862,650000
850.0,169000
2184.207862,1350000
2184.207862,695000
2280.0,1499000
381.0,395000
850.0,169000
381.0,395000
2184.207862,445000
1400.0,499000
2184.207862,449000
1120.0,649000
756.0,335000
2184.207862,838000
1098.0,1495000
3068.0,980000
1344.0,688000
2184.207862,679000
1900.0,999888
500.0,375000
2184.207862,848724
2184.207862,1595000
1253.0,568000
3980.0,1153000
2184.207862,2399000
800.0,349000
3600.0,2999990
1400.0,899000
2184.207862,169000
1217.0,449999
2116.0,886545
1280.0,495000
2150.0,749000
2129.0,875000
2184.207862,1630000
720.0,849000
650.0,110000
650.0,299999
2184.207862,335000
1200.0,549000
1250.0,445000
1188.0,459000
1252.0,399998
3655.0,9500000
1957.0,999000
1482.0,650000
2100.0,880000
2082.0,1350000
2184.207862,599000
2184.207862,225000
2184.207862,220000
2184.207862,289000
2184.207862,350000
2082.0,1350000
2100.0,880000
2184.207862,719999
807.0,1100000
950.0,259000
2754.0,1699999
2184.207862,669000
6290.0,3400000
2184.207862,549000
2184.207862,250000
2184.207862,299000
2184.207862,1288000
1875.0,3345000
2184.207862,1198000
1260.0,897888
1604.0,575000
2184.207862,230000
2184.207862,775000
2184.207862,250000
1875.0,3345000
6290.0,3400000
1604.0,575000
1260.0,897888
2184.207862,1198000
2184.207862,1288000
3512.0,2100000
2184.207862,230000
3600.0,1080000
718.0,378888
1027.0,750000
2184.207862,775000
2184.207862,7495000
1440.0,698888
626.0,850000
2800.0,2999999
2184.207862,1149999
1500.0,2025000
1950.0,2695000
2184.207862,192500
550.0,395000
2184.207862,1200000
800.0,699000
2184.207862,649000
1484.0,689000
2184.207862,1895000
2184.207862,668000
1525.0,2550000
5925.0,5500000
3536.0,1680000
684.0,799000
2200.0,680000
1000.0,1650000
3000.0,6750000
2940.0,580000
2266.0,700000
1410.0,550000
1344.0,315000
1117.0,1695000
2184.207862,385000
3024.0,2000000
750.0,249999
2184.207862,749000
1396.0,220000
2184.207862,270000
2184.207862,998000
4125.0,1150000
2288.0,799999
2184.207862,395000
1188.0,2800000
2184.207862,329888
780.0,311000
804.0,649000
800.0,159000
1890.0,1148000
1480.0,669000
750.0,305000
2184.207862,599000
1960.0,1375000
906.0,339000
975.0,849500
1200.0,379000
967.0,699000
2184.207862,565000
2184.207862,750000
3234.0,1250000
1262.0,999000
2184.207862,1350000
1376.0,669900
2184.207862,399000
2000.0,779000
2184.207862,1200000
2184.207862,895000
2184.207862,369000
750.0,299000
2184.207862,1780000
3244.0,988000
810.0,279000
2184.207862,285000
1311.0,988000
800.0,735000
2184.207862,2950000
2184.207862,899000
2184.207862,850000
2184.207862,670000
2550.0,968000
1200.0,320000
900.0,228888
2184.207862,199888
2184.207862,5995000
2840.0,1430000
2184.207862,1350888
1100.0,699000
1296.0,699000
1800.0,2000000
1500.0,538888
2982.0,2450000
1040.0,574999
2184.207862,275000
2688.0,1499888
275.0,270000
1832.0,675000
750.0,149000
863.0,299999
2184.207862,595000
1200.0,536000
2184.207862,288000
10000.0,19499999
3400.0,6995000
2050.0,799000
3704.0,4000000
625.0,165000
1048.0,1475000
721.0,595000
6201.0,3500000
4875.0,1090000
4500.0,2499000
2218.0,699999
1672.0,899000
1152.0,549000
2400.0,3700000
1870.0,768000
2476.0,949000
2184.207862,980000
4428.0,849000
2184.207862,269000
2184.207862,150000
2184.207862,770000
630.0,750000
1728.0,638000
2184.207862,199000
801.0,239000
4065.0,6999500
2184.207862,693000
2184.207862,1150000
2184.207862,549000
2184.207862,889000
2000.0,1075000
5000.0,6995000
2184.207862,155000
800.0,349000
2184.207862,825000
789.0,215000
2700.0,1099000
1979.0,2900000
789.0,215000
2184.207862,825000
800.0,349000
1504.0,555000
2184.207862,697777
8500.0,14995000
1152.0,850000
2774.0,1175000
2184.207862,545000
879.0,749000
6000.0,13000000
1677.0,549999
920.0,365000
845.0,695000
2184.207862,848000
1779.0,699000
1250.0,1075000
1600.0,998000
2184.207862,540000
550.0,165000
517.0,779000
1041.0,1399999
2184.207862,569000
1536.0,285000
4650.0,6295000
4908.0,11500000
750.0,199999
490.0,569000
975.0,345000
2184.207862,1448000
831.0,183000
3075.0,1995000
2105.0,2250000
1632.0,650000
2184.207862,14000000
3388.0,785000
6353.0,2599999
3000.0,1850000
661.0,435000
2184.207862,1899000
2340.0,875000
2184.207862,1479000
2025.0,2250000
922.0,799000
5227.0,12000000
1000.0,205000
1664.0,897000
2184.207862,1195000
2184.207862,1100000
3000.0,1999000
5250.0,1215000
2110.0,1250000
17860.0,9000000
1350.0,575000
11110.0,19995000
2184.207862,399000
4100.0,12995000
2388.0,1245000
1190.0,798000
1790.0,475000
616.0,399000
1344.0,780000
776.0,450000
2184.207862,889000
6060.0,6900000
1888.0,765000
1492.0,399000
2184.207862,585000
2184.207862,585000
2184.207862,1450000
2160.0,1388888
2184.207862,779000
2184.207862,395000
1492.0,948000
720.0,550000
1020.0,549999
2184.207862,950000
4043.0,2295000
2200.0,799000
850.0,290900
1054.0,474900
2184.207862,365000
2184.207862,199000
2789.0,7995000
506.0,480000
2184.207862,1450000
2184.207862,695000
2400.0,1249000
1200.0,635000
2100.0,1759000
2184.207862,499000
2184.207862,999000
8068.0,17995000
3317.0,2175000
2184.207862,639000
2184.207862,999000
2184.207862,1099000
638.0,318000
2184.207862,475000
2034.0,875000
2000.0,739900
2184.207862,409000
969.0,275000
2184.207862,989000
5000.0,1750000
2184.207862,285000
7825.0,12495000
1200.0,695000
4400.0,3450000
925.0,435000
922.0,220000
2071.0,1988800
2184.207862,3300000
792.0,135000
1200.0,468000
4375.0,5999999
748.0,318000
705.0,649000
1496.0,1875000
1584.0,1350000
3000.0,3345000
2184.207862,899000
1816.0,799000
2162.0,5000000
1657.0,464998
1757.0,5250000
1200.0,1995000
1004.0,504000
2184.207862,1295000
1200.0,1995000
1657.0,464998
1757.0,5250000
864.0,699000
2745.0,949000
1464.0,1488000
1584.0,800000
660.0,319999
1301.0,999000
950.0,475000
2184.207862,399000
1088.0,479900
1568.0,615000
1700.0,1150000
2184.207862,225000
2184.207862,284888
869.0,585000
936.0,720000
1468.0,659000
900.0,249000
1650.0,1495000
980.0,295000
1619.0,699000
2184.207862,738000
2184.207862,400000
750.0,289000
1076.0,187000
4952.0,3500000
4000.0,4995000
2184.207862,3400000
2184.207862,155000
1500.0,689000
2940.0,2150000
2184.207862,675000
2052.0,889000
800.0,260000
2584.0,4200000
908.0,749000
1360.0,639000
2184.207862,799000
1245.0,700000
600.0,297000
725.0,455000
2190.0,6500000
4560.0,1299000
3550.0,1279000
1200.0,799000
1150.0,475000
2184.207862,209000
2200.0,1325000
625.0,259000
1960.0,899000
2184.207862,1325000
1100.0,345000
2184.207862,1088000
2191.0,669000
2520.0,1388000
2637.0,1475000
2184.207862,1088000
2184.207862,1375000
2037.0,1099000
2184.207862,25000000
2184.207862,900000
1350.0,599000
2184.207862,1295000
550.0,479900
2560.0,4200000
300.0,188000
550.0,479900
2184.207862,1295000
1976.0,739999
1204.0,475000
3432.0,2250000
1050.0,875000
1786.0,499000
2184.207862,749000
3500.0,4400000
1383.0,855000
1300.0,525000
1021.0,715000
2184.207862,7950000
1424.0,550000
6300.0,17500000
2184.207862,1528000
2184.207862,1287777
2184.207862,330000
2184.207862,375000
2184.207862,875000
2184.207862,750000
2184.207862,1350000
2184.207862,27000000
755.0,599000
2184.207862,1200000
2184.207862,1200000
2013.0,749000
2565.0,1900000
1360.0,590000
1494.0,1395000
2184.207862,3595000
5103.0,1300000
1452.0,868000
2400.0,1248000
2400.0,1449000
2184.207862,338000
1158.0,270000
2500.0,765000
2451.0,988000
2184.207862,339000
3219.0,1099000
1541.0,1181000
2184.207862,219000
1080.0,588000
2042.0,805000
1309.0,929000
908.0,670000
1152.0,649000
1000.0,439900
2184.207862,2850000
2184.207862,358000
2184.207862,299000
2184.207862,1389000
640.0,459999
2600.0,1999000
2560.0,2395000
1810.0,1180000
1200.0,650000
1100.0,589000
882.0,515000
1530.0,750000
901.0,1499999
2572.0,1525000
2184.207862,1395000
2487.0,900000
1874.0,1099999
750.0,498888
2184.207862,199000
2600.0,1495000
2184.207862,869000
450.0,239000
2080.0,1299000
2700.0,2350000
2716.0,1788000
2184.207862,325000
525.0,299900
1215.0,439999
1224.0,899000
3800.0,4950000
2400.0,1895000
2184.207862,759000
1250.0,699000
2880.0,1590000
753.0,234900
2184.207862,675000
2000.0,1500000
21000.0,2300000
2905.0,1075000
2208.0,1325000
1000.0,525000
2184.207862,385000
2184.207862,199000
2184.207862,670000
2184.207862,975000
2184.207862,799000
600.0,305000
2184.207862,299999
2652.0,1980000
2184.207862,1299000
2184.207862,140000
2184.207862,279000
1562.0,1995000
2184.207862,329000
943.0,750000
2184.207862,999990
2184.207862,430000
1180.0,349000
1052.0,599000
6270.0,4295000
800.0,175000
3570.0,999000
2184.207862,1335000
1365.0,849999
750.0,136999
1320.0,699000
2184.207862,329000
750.0,825000
2184.207862,685000
2200.0,4100000
5094.0,8850000
2184.207862,189000
5500.0,8999999
787.0,408000
830.0,559000
2920.0,949000
1000.0,379000
630.0,815000
1200.0,599000
975.0,280000
2184.207862,3999500
5712.0,875000
2184.207862,310000
2504.0,1299900
1420.0,2225000
1229.0,1530000
1224.0,594900
2184.207862,1080000
2184.207862,1425000
3682.0,1399888
16000.0,36000000
2184.207862,575000
2184.207862,850000
2184.207862,1288000
1074.0,309000
2184.207862,999000
2690.0,2700000
2184.207862,399000
1890.0,554900
561.0,399000
904.0,675000
2184.207862,225000
2184.207862,999999
400.0,164999
3844.0,13000000
2184.207862,235000
5508.0,29000000
983.0,715000
2184.207862,565000
2184.207862,1650000
1100.0,1200000
3181.0,3975000
2184.207862,1049000
1680.0,949900
2184.207862,1199000
2184.207862,765000
2184.207862,1049000
1680.0,949900
2184.207862,1199000
1296.0,849000
2184.207862,999000
2184.207862,1280000
2840.0,1999000
700.0,560000
8360.0,26995000
3252.0,1450000
2424.0,1599000
650.0,255000
2184.207862,995000
55300.0,5827000
2184.207862,995000
55300.0,5827000
2184.207862,569000
2184.207862,7195000
2184.207862,398000
3200.0,3200000
2337.0,799999
2184.207862,758888
2184.207862,619999
1000.0,198000
560.0,485000
2184.207862,859000
2184.207862,359000
2184.207862,725000
2184.207862,575000
2500.0,1288000
1808.0,589000
2184.207862,239000
5200.0,2050000
250.0,259000
2184.207862,900000
550.0,219000
1773.0,1795000
2184.207862,2290000
13000.0,10850000
1519.0,699000
2184.207862,998000
2184.207862,1100000
2184.207862,2198888
1300.0,425000
2782.0,2750000
790.0,279999
2184.207862,715000
1574.0,980000
2184.207862,949000
2350.0,1600000
2184.207862,640000
2184.207862,1299999
740.0,250000
2184.207862,1188000
2800.0,1350000
1498.0,725000
850.0,309000
2184.207862,914999
2184.207862,600000
3225.0,1750000
1401.0,950000
2184.207862,850000
2522.0,5000000
1870.0,1050000
1950.0,1390000
2184.207862,400000
2184.207862,750000
2926.0,9995000
1200.0,529000
1440.0,1328888
1159.0,478888
850.0,1350000
2184.207862,2250000
1440.0,728000
2184.207862,239900
5000.0,3399000
1892.0,2750000
1600.0,2095000
550.0,199900
2184.207862,2500000
2776.0,1399999
2800.0,2300000
2184.207862,735000
1000.0,399990
2646.0,850000
625.0,215000
550.0,199900
720.0,130000
3310.0,16995000
2184.207862,1195000
2184.207862,679000
1200.0,299998
942.0,690000
854.0,185000
2184.207862,859000
1480.0,928888
955.0,780000
1360.0,1190000
2184.207862,1400000
1100.0,599000
1180.0,639999
2184.207862,799000
3228.0,14950000
1600.0,749000
3100.0,2999999
2184.207862,599000
2184.207862,2700000
3412.0,3995000
2750.0,2235000
1400.0,620000
2184.207862,1695000
1865.0,1999999
1850.0,1150000
822.0,339000
2184.207862,1390000
1836.0,938000
5400.0,919000
1150.0,425000
8300.0,19995000
2184.207862,1249000
1000.0,799000
750.0,475000
3340.0,3800000
1200.0,325000
1200.0,1200000
3050.0,6975000
2184.207862,1150000
3424.0,2400000
2700.0,3500000
2184.207862,769000
2968.0,2975000
2184.207862,1860000
7188.0,4000000
1257.0,1250000
750.0,220000
4143.0,1179987
3733.0,949000
2184.207862,920000
1312.0,699000
2300.0,4000000
1456.0,649000
1070.0,1175000
800.0,995000
1375.0,1595000
2184.207862,435000
1456.0,649000
800.0,995000
2082.0,1338000
1146.0,499000
2184.207862,2280000
2184.207862,660000
800.0,349000
8790.0,14750000
900.0,160000
3550.0,12500000
462.0,370000
715.0,600000
1000.0,1950000
1800.0,2000000
2184.207862,1250828
1800.0,1149000
950.0,329999
1100.0,390000
2184.207862,400000
700.0,239000
2184.207862,1188888
4856.0,18500000
2184.207862,567000
4297.0,8900000
2184.207862,189000
2184.207862,985000
1120.0,839000
2184.207862,995000
1625.0,1439000
900.0,379000
2184.207862,3195000
1625.0,1439000
1800.0,1245000
2184.207862,1995000
1600.0,365000
1025.0,950000
2184.207862,4195000
658.0,209000
1992.0,1390000
3920.0,8250000
850.0,429000
2184.207862,950000
2835.0,699000
724.0,450000
1500.0,1190000
2184.207862,2995000
2184.207862,349980
693.0,339000
1257.0,649000
2600.0,4695000
2184.207862,189999
2184.207862,189999
2835.0,699000
2184.207862,349980
1613.0,399888
2393.0,1199900
2472.0,1395000
2184.207862,2759000
2135.0,2995000
2184.207862,399000
4230.0,16995000
1060.0,650000
3510.0,2599000
2625.0,1195000
1188.0,1288000
1447.0,2099000
1920.0,1275000
2184.207862,1999999
4230.0,16995000
7327.0,10750000
2184.207862,650000
3475.0,4800000
3812.0,1279900
3780.0,1680000
850.0,299000
2184.207862,845000
2184.207862,415000
1213.0,449000
1287.0,1250000
2184.207862,4395000
2184.207862,315000
900.0,499000
1700.0,699000
1268.0,625000
2184.207862,749000
1600.0,949000
2184.207862,1495000
3972.0,2395000
1268.0,625000
3328.0,1250000
2184.207862,749000
2184.207862,3165000
2184.207862,205000
2184.207862,1198000
3454.0,2199000
3000.0,5495000
2184.207862,625000
1890.0,1449999
2184.207862,1399000
322.0,525000
5500.0,12000000
1700.0,1299000
2184.207862,269000
2184.207862,450000
2194.0,899999
1077.0,925000
600.0,279000
2184.207862,1795000
2184.207862,1250000
622.0,560000
1260.0,999000
2186.0,1188000
950.0,948888
832.0,735000
2184.207862,1399000
2184.207862,3600000
5000.0,1850000
2184.207862,789000
2184.207862,569000
1135.0,1700000
4155.0,12995000
613.0,295000
650.0,625000
391.0,399000
2357.0,5700000
2184.207862,618000
694.0,149999
550.0,650000
2184.207862,1990000
2184.207862,550000
2184.207862,279000
1090.0,399000
4125.0,2495000
2184.207862,3695000
394.0,299000
864.0,239500
850.0,235000
2184.207862,680000
1280.0,629000
2300.0,1039000
3760.0,2200000
600.0,380000
2184.207862,599000
1280.0,530000
2184.207862,598000
1632.0,1449000
2184.207862,459000
2184.207862,825000
2184.207862,745000
2184.207862,440000
2855.0,7750000
2184.207862,399900
791.0,990000
2184.207862,399900
2184.207862,1150000
791.0,990000
1100.0,2300000
2160.0,4999000
738.0,350000
3640.0,1900000
3184.0,2498000
2184.207862,3500000
2128.0,995000
435.0,193999
713.0,245000
4781.0,8495000
2938.0,12500000
2184.207862,849000
2184.207862,500000
1929.0,1895000
600.0,189900
2184.207862,5500000
4372.0,10850000
1980.0,999000
1708.0,2195000
2000.0,1260000
2184.207862,675000
600.0,225000
650.0,229000
2500.0,1275000
4014.0,5495000
2184.207862,850000
2184.207862,450000
2184.207862,950000
1648.0,730000
2184.207862,830000
2184.207862,829000
2184.207862,555000
2184.207862,888000
2600.0,1149000
2112.0,648000
825.0,499000
1249.0,450000
2184.207862,3900000
1108.0,558000
2184.207862,1695000
2184.207862,725000
2184.207862,940000
821.0,539000
859.0,99000
1111.0,895000
1300.0,995000
2400.0,2550000
1000.0,345000
2240.0,879000
2184.207862,945000
3096.0,939999
1200.0,500000
2184.207862,475000
2184.207862,1288000
12460.0,3099000
1500.0,1238000
2184.207862,1450000
800.0,370000
574.0,595000
2350.0,2799000
520.0,289000
2184.207862,595000
1080.0,669000
2184.207862,1288000
6815.0,13995000
2184.207862,2095000
1050.0,585000
1538.0,699000
850.0,340000
4193.0,15500000
550.0,199999
4230.0,2495000
1043.0,799000
2088.0,888888
1536.0,1690000
2270.0,8950000
3600.0,1449000
1160.0,1295000
800.0,599000
960.0,628000
1312.0,593000
2184.207862,634900
960.0,499900
509.0,540000
2184.207862,1950000
2184.207862,379000
800.0,299000
2230.0,850000
2184.207862,199999
1892.0,899000
4500.0,1299000
2184.207862,699000
750.0,579000
1008.0,585000
2184.207862,579000
2184.207862,499000
1137.0,350000
2072.0,1250000
2184.207862,899000
3150.0,1979000
780.0,599000
2188.0,779000
2184.207862,25000000
1137.0,350000
2184.207862,899000
2184.207862,1195000
1838.0,1995000
769.0,564900
2184.207862,1250000
2184.207862,15000000
2283.0,1399000
3160.0,1250000
2184.207862,335000
2000.0,685000
666.0,279999
2184.207862,418000
2184.207862,1780000
741.0,520000
1248.0,599900
2680.0,885000
650.0,258000
1124.0,700000
2184.207862,25750000
2184.207862,999000
2744.0,898000
720.0,500000
1926.0,695000
2184.207862,215000
2184.207862,759000
1185.0,375000
18936.0,2700000
1902.0,2100000
730.0,389888
900.0,285000
2184.207862,2795000
1299.0,674999
5608.0,12995000
1260.0,759000
1030.0,995000
2184.207862,229000
800.0,239000
2184.207862,315000
2192.0,1100000
2184.207862,225000
1484.0,868000
2184.207862,1380000
1800.0,1100000
2184.207862,865000
1230.0,1895000
1800.0,749000
1600.0,775000
1650.0,2395000
4000.0,2300000
900.0,700000
1600.0,775000
1800.0,749000
494.0,450000
2184.207862,865000
2184.207862,280000
1800.0,1100000
1230.0,1895000
2446.0,3890000
2184.207862,560000
2184.207862,198000
1092.0,1099000
800.0,779000
1850.0,1880000
1100.0,509000
845.0,499000
2184.207862,204888
3300.0,1499000
3050.0,1295000
6000.0,7500000
519.0,395000
1490.0,760000
1552.0,988000
753.0,528000
2184.207862,949000
840.0,420000
2184.207862,1380000
1494.0,1750000
850.0,268000
2184.207862,849000
2184.207862,1095000
2615.0,4295000
2184.207862,720000
3500.0,1900000
1056.0,729999
2184.207862,425000
1080.0,848000
430.0,213000
1725.0,795000
2184.207862,749000
2184.207862,1350000
1500.0,649000
900.0,439000
2184.207862,1699000
986.0,2375000
2184.207862,349999
2184.207862,425000
2272.0,1650000
2184.207862,1225000
2184.207862,699000
984.0,1150000
2184.207862,2399000
3252.0,989000
875.0,318888
1549.0,799000
950.0,489000
900.0,398000
1088.0,1190000
2184.207862,795000
2184.207862,750000
1750.0,899999
2184.207862,795000
2184.207862,750000
1750.0,899999
1597.0,1325000
846.0,595000
27152.0,10700000
726.0,330000
1763.0,2998000
2184.207862,425000
1000.0,345000
1187.0,999000
2184.207862,450000
750.0,135000
857.0,261250
1450.0,728000
1100.0,199000
3735.0,3200000
1300.0,1950000
900.0,600000
3735.0,3200000
739.0,569000
2184.207862,749000
3850.0,2488000
1026.0,1138000
2240.0,1359000
5500.0,3720000
2184.207862,974998
600.0,300000
2184.207862,729000
2184.207862,750000
1120.0,599000
5336.0,11950000
1100.0,825000
2184.207862,800000
2184.207862,289000
4100.0,4750000
2184.207862,899999
1152.0,868000
1637.0,3995000
1240.0,1500000
2184.207862,625000
2184.207862,749000
1705.0,520000
1400.0,749900
2310.0,799000
1993.0,959000
2980.0,888000
988.0,725000
2184.207862,1065000
8200.0,19995000
890.0,744000
2780.0,675000
3052.0,4595000
2184.207862,475000
800.0,189000
2184.207862,998888
2780.0,675000
5400.0,4500000
7500.0,32000000
3059.0,3250000
2100.0,769000
1296.0,648998
2418.0,1699900
2184.207862,3250000
650.0,395250
972.0,539000
2184.207862,1348000
1855.0,1450000
2184.207862,465000
1639.0,6500000
800.0,297000
518.0,244900
5150.0,2480000
2184.207862,230000
825.0,780000
2184.207862,4875000
2184.207862,539999
1193.0,750000
2321.0,2249000
700.0,270000
2184.207862,399000
2184.207862,1950000
2184.207862,240000
900.0,628000
2184.207862,399000
2184.207862,687000
2000.0,588000
2184.207862,825000
2184.207862,240000
835.0,285000
915.0,595000
1697.0,899000
4900.0,2995000
2184.207862,1180000
1816.0,799900
2184.207862,130000
2184.207862,849999
850.0,185000
2184.207862,1275000
3400.0,2798000
950.0,359000
2184.207862,435000
1296.0,988000
2184.207862,800000
2184.207862,400000
3520.0,965000
2412.0,1389000
1185.0,525000
2184.207862,849999
1213.0,289000
2184.207862,10000000
2184.207862,279000
2184.207862,15995000
2184.207862,1850000
5088.0,2599000
800.0,250000
2000.0,2250000
2184.207862,1800000
1100.0,350000
1452.0,1649000
1028.0,1395000
2184.207862,1370000
2184.207862,360000
2184.207862,1050000
1308.0,2200000
1218.0,650000
2184.207862,345000
6060.0,7850000
4120.0,4999000
3100.0,4900000
2184.207862,299000
2152.0,1578000
2184.207862,715000
2184.207862,600000
1090.0,850000
1288.0,1949000
3773.0,1599999
1110.0,640000
3510.0,799900
3690.0,1599000
650.0,695000
1976.0,740000
764.0,329000
2340.0,750000
1746.0,1450000
1800.0,1999999
2185.0,899888
900.0,379000
1824.0,879000
1077.0,1030000
2184.207862,699999
2184.207862,388000
937.0,1750000
2184.207862,995000
2184.207862,599999
2184.207862,300000
900.0,389000
2184.207862,875000
2100.0,3000000
2194.0,850000
4675.0,3595000
2184.207862,925000
2184.207862,799000
1800.0,1399000
1920.0,1880000
2184.207862,375000
625.0,269000
2184.207862,925000
2184.207862,799000
2184.207862,4500000
1120.0,589000
700.0,239000
2184.207862,385000
773.0,1000000
3400.0,2800000
2184.207862,130000
1865.0,789888
760.0,798000
2184.207862,495000
649.0,555000
2184.207862,1274000
2184.207862,349000
2184.207862,2500000
2184.207862,1250000
5374.0,2495000
830.0,749900
3149.0,1399900
950.0,948888
1230.0,775000
1280.0,475000
1449.0,2595000
2726.0,1199000
654.0,750000
1040.0,713000
2184.207862,300000
2184.207862,2695000
2184.207862,450000
2184.207862,699000
9555.0,10950000
2184.207862,225000
2539.0,5925000
2184.207862,225000
2539.0,5925000
2184.207862,255000
4140.0,2500000
3223.0,2095000
5200.0,10250000
2184.207862,750000
5560.0,2999000
650.0,199000
1800.0,1250000
1300.0,2425000
660.0,205000
3860.0,2500000
6000.0,3499000
1000.0,649000
2184.207862,729000
2184.207862,998500
1152.0,765000
705.0,599000
5276.0,11500000
2184.207862,595000
2184.207862,675000
3500.0,949000
950.0,729000
520.0,895000
3000.0,2449000
2184.207862,399999
1000.0,397000
1800.0,950000
2578.0,3995000
780.0,599000
2729.0,1999999
2184.207862,3370000
4187.0,6995000
2184.207862,1598000
1030.0,699000
650.0,265000
2488.0,1699000
2184.207862,1098000
834.0,960000
780.0,1086300
2820.0,859000
2184.207862,945000
2184.207862,549000
2184.207862,969999
2184.207862,1649000
1412.0,2800000
2184.207862,449000
2184.207862,294500
3120.0,990000
847.0,314000
2184.207862,449000
2184.207862,1598000
2184.207862,208000
900.0,169900
2184.207862,235000
2184.207862,278000
2236.0,998000
2184.207862,6400000
920.0,385000
750.0,250000
2184.207862,1849000
2184.207862,449500
2184.207862,1250000
2322.0,1099000
1400.0,1900000
1250.0,2500000
1696.0,1288000
2184.207862,1150000
2184.207862,825000
2184.207862,4195000
1444.0,675000
922.0,875000
2184.207862,297000
575.0,485000
800.0,230000
2184.207862,629000
1040.0,625000
2184.207862,1200000
2184.207862,7550000
1358.0,499000
1200.0,485000
2184.207862,399000
23027.0,14000000
2184.207862,299000
2184.207862,2200000
708.0,465000
750.0,278000
2184.207862,709000
2184.207862,685000
1800.0,4500000
1540.0,779000
1224.0,640000
1200.0,449000
2184.207862,1100000
2184.207862,550000
1900.0,1899000
1204.0,599900
4000.0,22500000
1473.0,739000
2184.207862,7995000
2184.207862,1425000
2184.207862,749000
950.0,548000
560.0,950000
2184.207862,399000
2184.207862,1460000
2184.207862,269000
1072.0,1695000
2184.207862,155000
764.0,449000
930.0,825000
1890.0,938000
1500.0,690000
2088.0,1499000
2184.207862,795000
800.0,300000
2184.207862,1100000
1780.0,5000000
6425.0,2500000
603.0,425000
2184.207862,280000
1660.0,1149000
2184.207862,410000
660.0,268000
2184.207862,6000000
2184.207862,4650000
8400.0,24500000
970.0,660000
1048.0,465000
1072.0,1175000
2184.207862,698999
2184.207862,5250000
1260.0,1078000
652.0,349000
2184.207862,269995
1739.0,1590000
2184.207862,4650000
603.0,425000
900.0,375000
2184.207862,6999000
2184.207862,1398000
1868.0,750000
2184.207862,629000
1280.0,1150000
7500.0,12500000
1420.0,699900
2184.207862,1098888
1079.0,519000
3280.0,1200000
2184.207862,279000
2184.207862,1325000
1684.0,635000
1450.0,499000
1040.0,1100000
600.0,199000
1012.0,550000
2184.207862,518000
10940.0,26000000
1057.0,1250000
4275.0,8750000
1107.0,1465000
2184.207862,278000
2184.207862,469000
2184.207862,225000
3664.0,1100000
2184.207862,1960000
1560.0,799000
2184.207862,949000
1716.0,799000
1280.0,699000
1248.0,900000
3664.0,1100000
2538.0,1235000
2184.207862,3295000
2184.207862,595000
485.0,269000
1354.0,548000
2184.207862,6995000
900.0,1150000
2184.207862,595000
1500.0,799000
1326.0,2110000
4480.0,4200000
2184.207862,450000
779.0,385000
2184.207862,649999
708.0,539000
1292.0,550000
1650.0,1525000
2720.0,2100000
1944.0,625000
1379.0,728888
2184.207862,739000
2184.207862,1290000
1750.0,675000
1364.0,950000
1221.0,550000
1100.0,1099999
3116.0,906300
3000.0,5900000
1689.0,2700000
2184.207862,659000
1340.0,898000
2184.207862,189990
2184.207862,2150000
2184.207862,550000
1968.0,2100000
2550.0,1088888
1236.0,499000
2184.207862,1795000
1163.0,2300000
1368.0,749000
729.0,594900
1700.0,1399000
800.0,639000
3600.0,1995000
2376.0,1250000
363.0,275000
2184.207862,3495000
2184.207862,325000
2184.207862,500000
500.0,349000
3612.0,3195000
12000.0,24950000
2184.207862,709999
1335.0,774900
3061.0,988000
2184.207862,275000
2184.207862,219000
2184.207862,439000
2184.207862,425000
2184.207862,599999
2520.0,1139000
1296.0,680000
2184.207862,2300000
1008.0,560000
3000.0,1600000
558.0,699900
1493.0,1650000
2184.207862,679000
2158.0,1249000
2184.207862,438000
2184.207862,449000
2184.207862,699000
2184.207862,1400000
2184.207862,709999
558.0,699900
12000.0,24950000
2520.0,1139000
2184.207862,438000
1000.0,600000
2184.207862,686000
1450.0,2255000
4400.0,2500000
3234.0,1848888
850.0,259900
750.0,399000
4200.0,1479000
1886.0,559900
1196.0,599000
2740.0,2480000
6500.0,5995000
2060.0,4750000
1300.0,778000
3354.0,1125000
721.0,550000
2078.0,1775000
1146.0,888000
2184.207862,375000
2184.207862,15000000
2256.0,849000
500.0,185000
2700.0,1250000
800.0,349000
2184.207862,259000
850.0,575000
2184.207862,500000
2184.207862,399999
4544.0,10800000
750.0,239000
32000.0,6950000
2392.0,979000
932.0,599999
1290.0,699000
2184.207862,1400000
1188.0,649000
2184.207862,5475000
2184.207862,224000
579.0,590000
2184.207862,1050000
3280.0,2288000
1240.0,1175000
706.0,838000
2184.207862,995000
752.0,1345000
910.0,339000
2184.207862,999000
2268.0,2499000
750.0,289000
3210.0,1350000
1122.0,850000
2800.0,1450000
2184.207862,549995
1175.0,995000
1120.0,880000
2184.207862,775000
1067.0,330000
1900.0,789000
800.0,288000
2391.0,2399000
1320.0,589000
2184.207862,250000
1590.0,1495000
2184.207862,225000
850.0,380000
3969.0,1800000
1728.0,939000
2184.207862,150000
2184.207862,889000
1120.0,665000
1151.0,899000
5771.0,10750000
5400.0,3200000
1148.0,399985
2184.207862,437500
875.0,1385000
1170.0,769000
2184.207862,399000
875.0,1385000
1170.0,769000
2184.207862,318000
2184.207862,1580000
2184.207862,1300000
458.0,625000
2184.207862,290000
1000.0,419000
750.0,448000
823.0,540000
1782.0,549990
671.0,299000
1182.0,840000
4264.0,15250000
1200.0,420000
2024.0,1550000
2184.207862,668888
2184.207862,225000
1164.0,975000
2184.207862,1900000
1200.0,450500
2184.207862,399000
900.0,249000
2184.207862,175000
2184.207862,720000
3552.0,6995000
2184.207862,2150000
2146.0,1388800
1600.0,1400000
2184.207862,2250000
3120.0,1170000
2184.207862,350000
1242.0,748800
780.0,469000
2184.207862,1355000
2184.207862,1099000
2184.207862,250000
2325.0,860000
2184.207862,2250000
2184.207862,288800
613.0,285000
2184.207862,399000
1100.0,489000
1155.0,1098000
2184.207862,1200000
2184.207862,1750000
3023.0,999999
2184.207862,1890000
500.0,180000
2128.0,1600000
2918.0,9995000
3800.0,5400000
1525.0,3395000
2800.0,1050000
1000.0,799000
721.0,698000
2184.207862,1699000
747.0,558000
1035.0,1900000
1315.0,2150000
992.0,769000
3491.0,1249999
2184.207862,419000
850.0,329000
650.0,275000
900.0,438000
680.0,568000
2300.0,2150000
2184.207862,750000
2184.207862,999999
2184.207862,1995000
1688.0,875000
1305.0,989000
1266.0,499000
2184.207862,660400
1197.0,1199999
1504.0,580880
2184.207862,1399000
2184.207862,630000
1510.0,479999
950.0,460000
2184.207862,1649000
3900.0,5999000
692.0,845000
2184.207862,160000
1854.0,729000
2184.207862,995000
1024.0,565000
1050.0,875000
3600.0,1280000
800.0,248000
2184.207862,1295000
3750.0,4995000
2184.207862,330000
4000.0,6500000
2184.207862,789000
2184.207862,3250000
1820.0,3200000
15500.0,5980000
3090.0,1499000
1400.0,1599000
1148.0,549000
596.0,249999
2160.0,699900
1472.0,1149000
780.0,219000
2184.207862,499000
1063.0,749999
1130.0,449000
1278.0,879000
800.0,650000
732.0,750000
847.0,780000
2184.207862,699000
2184.207862,275000
2100.0,925000
2184.207862,388000
550.0,224995
670.0,239000
1200.0,529000
1782.0,995000
1624.0,1030000
294.0,875000
1500.0,598500
2184.207862,265000
2184.207862,1698000
826.0,1995000
788.0,820000
2184.207862,1995000
2184.207862,210000
2184.207862,2350000
2184.207862,6995000
2184.207862,388000
1397.0,1475000
1050.0,1225000
2400.0,1995000
1770.0,2999999
675.0,292950
6240.0,990000
1357.0,1540000
700.0,679000
1397.0,1475000
1050.0,1225000
2400.0,1995000
1770.0,2999999
2184.207862,800000
1232.0,998000
2640.0,920000
2184.207862,1098000
1410.0,798000
715.0,525000
2184.207862,3900000
2184.207862,479500
600.0,599000
4000.0,6900000
2184.207862,629000
1472.0,1650000
980.0,1100000
2128.0,1450000
2184.207862,1049000
9132.0,22500000
5170.0,2925000
889.0,695000
776.0,650000
1818.0,1695000
2184.207862,1200000
2184.207862,4675000
3240.0,1200000
2012.0,4495000
2184.207862,462900
2184.207862,635000
950.0,368000
5139.0,12850000
2184.207862,350777
1500.0,700000
670.0,335900
4350.0,1149000
4100.0,1888000
2240.0,1288000
1922.0,750000
713.0,324888
2184.207862,550000
400.0,165000
2184.207862,2950000
422.0,130000
2184.207862,2560000
2184.207862,3500000
897.0,1049000
2950.0,9995000
1806.0,750000
2184.207862,219000
2184.207862,935000
1476.0,750000
2184.207862,935000
1824.0,1080000
5000.0,2888888
1118.0,860000
3100.0,1180000
675.0,235000
2184.207862,4650000
640.0,680000
2184.207862,14995000
2184.207862,595000
2184.207862,1200000
1842.0,849999
1750.0,1300000
1666.0,2175000
1689.0,2795000
2184.207862,979000
2235.0,589000
2184.207862,45000000
2184.207862,1995000
879.0,679000
2184.207862,263000
2184.207862,7250000
750.0,169999
850.0,304900
600.0,600000
2000.0,999000
1000.0,279000
1300.0,1250000
2184.207862,179000
2600.0,1299800
950.0,268000
507.0,140000
6862.0,2100000
649.0,293000
665.0,649000
700.0,298888
1800.0,1650000
1105.0,538000
850.0,990000
1593.0,4145000
3277.0,2545000
850.0,99000
1800.0,1650000
2016.0,999888
850.0,99000
3277.0,2545000
4064.0,15500000
2184.207862,395000
2184.207862,999000
1804.0,3125000
2184.207862,2995000
515.0,570000
868.0,599000
950.0,239000
2569.0,5000000
2184.207862,950000
1472.0,1099000
1117.0,1950000
3480.0,1085000
1117.0,1950000
2184.207862,999900
2184.207862,759000
850.0,799000
2184.207862,928500
9550.0,6995000
1100.0,1150000
900.0,349000
2184.207862,1400000
5232.0,6495000
5000.0,1800000
1117.0,1450000
2184.207862,599000
2080.0,898888
1756.0,2980000
2276.0,829000
2184.207862,15850000
2184.207862,945000
2184.207862,389000
400.0,185000
2184.207862,568000
2184.207862,950000
1441.0,2000000
2184.207862,1069000
2184.207862,599999
3216.0,7600000
2184.207862,248000
1073.0,575000
850.0,350000
3216.0,7600000
704.0,695000
1600.0,875000
2184.207862,119000
5854.0,4000000
2184.207862,195000
766.0,410000
2184.207862,699000
2184.207862,699999
3096.0,915000
2184.207862,399000
1000.0,995000
1000.0,535000
575.0,429000
2184.207862,2195000
4600.0,1690000
2160.0,1699999
800.0,235000
2532.0,984900
1010.0,899000
2184.207862,269999
2184.207862,1350000
1600.0,735000
2100.0,1499000
1600.0,735000
1440.0,899999
951.0,900000
1332.0,629900
650.0,280000
3100.0,1999000
1676.0,5100000
2080.0,8500000
2740.0,1075000
660.0,950000
1275.0,875000
816.0,485000
663.0,598000
1732.0,2999000
2184.207862,600000
2184.207862,355000
1056.0,889000
2184.207862,650000
2184.207862,629000
2184.207862,970000
1200.0,515000
3150.0,1600000
2000.0,1900000
1800.0,3395000
1800.0,1795000
2184.207862,549000
3000.0,6998000
3210.0,980000
2250.0,1400000
2184.207862,750000
2184.207862,750000
2184.207862,349000
1440.0,519999
3162.0,1649000
4065.0,1750000
2184.207862,868000
665.0,324900
620.0,870000
1000.0,355000
3633.0,10900000
2184.207862,375000
2184.207862,6700000
725.0,268800
1022.0,640000
3633.0,10900000
2184.207862,375000
2184.207862,6700000
1022.0,640000
2184.207862,2800000
1400.0,699000
2184.207862,950000
5160.0,1208000
2184.207862,749000
2184.207862,1800000
787.0,1025000
1744.0,2449000
1460.0,659000
3570.0,1499000
474.0,700000
2184.207862,235000
900.0,700000
3622.0,4895000
1847.0,2350000
2184.207862,456000
3720.0,1190000
2491.0,5350000
2184.207862,335000
1097.0,628000
2250.0,710000
1744.0,790000
2184.207862,1300000
900.0,800000
522.0,699000
2184.207862,1750000
950.0,416000
650.0,225000
800.0,499000
2184.207862,425000
2184.207862,220000
507.0,140000
1744.0,790000
1375.0,2400000
4200.0,5995000
2184.207862,988888
2184.207862,369000
6000.0,2850000
2497.0,5799000
500.0,229000
2184.207862,44500000
2184.207862,235000
1896.0,3500000
1538.0,1288000
2184.207862,875000
3816.0,1099000
2184.207862,1795000
2184.207862,579000
1690.0,868000
1827.0,699900
2184.207862,559900
2184.207862,650000
2184.207862,209000
2184.207862,1695000
1728.0,570000
1000.0,419800
2184.207862,1875000
2706.0,5900000
7200.0,4000000
1175.0,1450000
1920.0,975000
550.0,210000
2184.207862,310000
5500.0,8575000
2184.207862,1895000
2184.207862,10500000
1721.0,2990000
2184.207862,440000
2184.207862,650000
2184.207862,600000
2184.207862,1895000
2184.207862,160000
18400.0,3500000
1534.0,599900
2184.207862,2499000
2240.0,1850000
1700.0,888000
2184.207862,500000
910.0,1995000
1200.0,495000
1690.0,599000
719.0,178000
850.0,279900
2184.207862,9000000
2184.207862,119000
1150.0,935000
1260.0,750000
450.0,318000
3446.0,3399000
2184.207862,528000
7200.0,7800000
2184.207862,199888
2184.207862,5950000
1000.0,315000
2184.207862,119000
2184.207862,899000
1760.0,2050000
733.0,615000
719.0,178000
850.0,279900
440.0,385000
650.0,209000
590.0,259000
2184.207862,695000
3536.0,1980000
2184.207862,1950000
2627.0,1595000
1760.0,919000
2184.207862,285000
1200.0,499000
850.0,359000
710.0,771770
2693.0,3550000
7228.0,9750000
2700.0,4395000
2184.207862,695000
2184.207862,1398000
2184.207862,1950000
2184.207862,285000
2627.0,1595000
419.0,645000
2184.207862,859000
710.0,771770
2184.207862,19500000
1434.0,1250000
2184.207862,449000
5202.0,7990000
2184.207862,3950000
2049.0,1399000
2184.207862,7750000
2400.0,1049000
2000.0,995000
2184.207862,3195000
2184.207862,360000
1600.0,750000
2184.207862,18000000
800.0,300000
1662.0,675888
2400.0,4400000
2184.207862,215000
5202.0,7990000
2184.207862,250000
4480.0,2749000
2000.0,860000
713.0,1195000
1400.0,825000
2184.207862,295000
1150.0,999000
2184.207862,599000
2000.0,860000
713.0,1195000
2310.0,1169900
3600.0,2795000
4500.0,6250000
3520.0,2099000
2184.207862,339000
2184.207862,255000
2184.207862,140000
500.0,240000
2184.207862,1775000
650.0,1195000
2040.0,699000
2184.207862,4150000
4440.0,1398000
650.0,299000
450.0,500000
2184.207862,450888
790.0,298000
2184.207862,230000
713.0,748000
2184.207862,15500000
2184.207862,6850000
2350.0,735000
2184.207862,229999
445.0,100000
2184.207862,385000
2184.207862,458000
2300.0,3750000
2184.207862,3100000
2184.207862,595000
2184.207862,470000
1056.0,399999
1665.0,599000
5075.0,18950000
1035.0,2300000
2184.207862,420000
3500.0,1459000
2184.207862,1150000
2184.207862,299000
2184.207862,499000
972.0,510000
1001.0,825000
1352.0,1150000
2114.0,6895000
750.0,165000
1500.0,874900
2184.207862,1499999
1100.0,495000
863.0,245000
804.0,565000
1265.0,1950000
2184.207862,699000
1120.0,1200000
2184.207862,1425000
4420.0,1595000
5148.0,1495000
2184.207862,2375000
2184.207862,1425000
2450.0,1248000
2184.207862,1499999
1100.0,495000
804.0,565000
750.0,165000
675.0,399000
3594.0,4895000
2184.207862,12500000
2184.207862,475000
3841.0,11175000
2184.207862,1295000
2184.207862,825000
3001.0,1849000
700.0,699000
2184.207862,420000
802.0,320000
2184.207862,525000
2184.207862,1100000
2184.207862,650000
2184.207862,1650000
2184.207862,1425000
684.0,418000
3448.0,1399000
700.0,339000
2184.207862,599900
2184.207862,400000
4000.0,699000
2184.207862,1325000
3364.0,1750000
2000.0,2100000
750.0,205900
765.0,265000
2184.207862,169999
1696.0,775000
2269.0,685000
700.0,699000
2184.207862,420000
2184.207862,1245000
2184.207862,795000
402.0,445000
960.0,399000
2150.0,1990000
2184.207862,529000
4200.0,7500000
2184.207862,595000
2184.207862,525000
1100.0,479000
5500.0,4995000
2184.207862,460000
2184.207862,1200000
1853.0,5950000
626.0,599000
2184.207862,350000
668.0,420000
3248.0,2400000
1770.0,2199000
700.0,595000
1000.0,249000
3452.0,11000000
2184.207862,585000
3321.0,1180000
550.0,115000
638.0,779000
4719.0,1850000
2241.0,9975000
1875.0,925000
2184.207862,360000
2269.0,685000
2184.207862,2750000
2184.207862,1450000
4852.0,3400000
2184.207862,329000
1008.0,699000
2184.207862,1075000
1784.0,790000
1770.0,2199000
3452.0,11000000
2184.207862,585000
3701.0,7750000
8757.0,19995000
2184.207862,3375000
2184.207862,1175000
2184.207862,3150000
2184.207862,15000000
2184.207862,3150000
2184.207862,825000
1056.0,899000
860.0,795000
880.0,275000
2910.0,775000
2184.207862,2150000
2184.207862,899000
1838.0,699000
2184.207862,904000
2184.207862,669000
2184.207862,279000
656.0,330000
2184.207862,1175000
2184.207862,399000
2184.207862,740000
1152.0,590000
2910.0,775000
2049.0,1250000
1270.0,975000
2184.207862,849000
2200.0,1699000
2184.207862,1195000
500.0,190000
550.0,405000
2184.207862,169500
1302.0,738280
1660.0,950000
916.0,800000
920.0,359000
2184.207862,1950000
2184.207862,999000
960.0,1950000
2184.207862,649000
2184.207862,1175000
2184.207862,799000
1709.0,2950000
2184.207862,358000
2184.207862,189999
700.0,760000
2070.0,675999
393.0,380000
393.0,380000
916.0,800000
2184.207862,379000
2184.207862,995000
1150.0,649000
739.0,475000
2184.207862,450000
4930.0,7250000
5031.0,1799000
2184.207862,1500000
2456.0,3995000
2184.207862,2299000
850.0,210000
1825.0,3200000
1200.0,579000
2184.207862,1175000
950.0,648888
3978.0,989000
2184.207862,995000
700.0,154900
577.0,399000
415.0,589000
1238.0,565000
2337.0,760000
2250.0,3795000
471.0,199999
3200.0,2500000
2184.207862,749999
2184.207862,1595000
500.0,258000
1280.0,685000
2184.207862,599000
2292.0,3250000
800.0,245000
1400.0,729000
1557.0,779000
1295.0,1090000
925.0,365000
715.0,1099000
6310.0,12495000
1309.0,1990000
2808.0,1200000
1000.0,473000
2184.207862,2348000
4089.0,25000000
2184.207862,995000
1976.0,850000
2184.207862,2950000
630.0,133000
4539.0,1548000
2184.207862,468000
3024.0,850000
2125.0,995000
2184.207862,2348000
2184.207862,1850000
4089.0,25000000
1800.0,2800000
2803.0,4995000
2184.207862,398800
2184.207862,142500
2000.0,2570000
900.0,225000
900.0,345000
1974.0,875000
2184.207862,1188000
2184.207862,694000
2184.207862,495000
687.0,649000
714.0,659000
850.0,429000
1719.0,959000
4125.0,1299999
2184.207862,368000
1633.0,758800
1245.0,1795000
4179.0,21500000
2184.207862,1595000
2184.207862,6500000
2184.207862,1089000
2184.207862,735000
1217.0,559900
2184.207862,350000
1236.0,780000
500.0,173000
2200.0,995000
2184.207862,775000
800.0,1649000
2184.207862,1290000
1390.0,575000
2184.207862,1499000
1200.0,800000
2184.207862,750000
1320.0,1750000
1488.0,2750000
2184.207862,698000
2184.207862,425000
4859.0,26000000
1997.0,3999999
1615.0,2295000
2448.0,689900
4374.0,3850000
965.0,243000
2184.207862,1995000
2184.207862,250000
2184.207862,845000
1896.0,915000
826.0,599888
2184.207862,325000
2184.207862,999000
982.0,688000
1308.0,950000
750.0,249000
2184.207862,465000
3700.0,2499000
559.0,409000
750.0,630000
3700.0,2499000
915.0,874000
2184.207862,4995000
2184.207862,875000
2184.207862,975000
2184.207862,5975000
2184.207862,475000
2184.207862,975000
2184.207862,1548000
627.0,175000
1600.0,3000000
1427.0,2400000
6000.0,14995000
2184.207862,988000
850.0,299999
1100.0,120000
1376.0,1995000
2184.207862,1300000
1625.0,1400000
941.0,1080000
2184.207862,1175000
2184.207862,670000
2184.207862,75000
3200.0,1499000
2173.0,1200000
2184.207862,3299000
2660.0,2500000
2184.207862,799000
1866.0,715000
1033.0,925000
3327.0,750000
1372.0,2795000
2184.207862,1560000
2184.207862,4650000
3312.0,1100000
1900.0,780000
1000.0,1199000
1912.0,2850000
2375.0,680000
2184.207862,530000
2184.207862,595000
2184.207862,475000
8000.0,2700000
2028.0,900000
1683.0,1049000
2184.207862,995000
550.0,245000
1080.0,695000
912.0,436000
2184.207862,555000
2184.207862,1250000
2184.207862,4950000
1640.0,928000
2184.207862,725000
1700.0,938000
550.0,199000
2184.207862,854000
2184.207862,1439000
2184.207862,389000
975.0,475000
1000.0,815000
750.0,474000
1572.0,2350000
1250.0,1325000
5110.0,6600000
800.0,590000
1080.0,695000
673.0,610000
1550.0,1238000
2184.207862,789000
1870.0,699888
2184.207862,854000
1066.0,1299000
1496.0,632000
2184.207862,499000
1496.0,632000
2184.207862,895000
850.0,800000
696.0,725000
900.0,349500
2184.207862,625000
2184.207862,1090000
2184.207862,1348000
2184.207862,2975000
2184.207862,280000
2184.207862,259000
446.0,550000
2184.207862,12495000
2184.207862,4800000
1000.0,398000
850.0,329000
2184.207862,385000
2184.207862,1325000
2845.0,968000
2184.207862,350000
2900.0,2750000
785.0,498000
2100.0,1675000
2184.207862,525000
850.0,280000
2184.207862,849000
855.0,1250000
2184.207862,359999
2184.207862,229000
2184.207862,1002500
2184.207862,3995000
3450.0,1499000
1699.0,2649000
919.0,385000
2184.207862,695000
4140.0,1799000
2184.207862,585000
2880.0,1688000
2184.207862,359999
600.0,179000
2184.207862,229000
1638.0,2100000
1664.0,615000
800.0,323000
713.0,880000
2184.207862,675000
1334.0,1500000
2184.207862,425000
2184.207862,2175000
1200.0,1296000
3111.0,3395000
1100.0,450000
1770.0,649000
2000.0,1295000
2184.207862,1775000
900.0,265000
2184.207862,3595000
2184.207862,769000
3318.0,1350000
2184.207862,797777
4734.0,4650000
1536.0,680000
2184.207862,549000
2184.207862,13650000
1400.0,749000
900.0,398000
847.0,680000
2184.207862,499000
1360.0,2250000
1520.0,550000
7868.0,4995000
2500.0,2650000
4108.0,7188000
6375.0,1500000
2184.207862,999000
868.0,799000
2184.207862,699000
2184.207862,940000
2484.0,3460000
2184.207862,1395000
1575.0,629000
1725.0,2850000
2184.207862,999000
6375.0,1500000
2184.207862,940000
2184.207862,2995000
2184.207862,2750000
3944.0,1100000
2184.207862,1395000
1392.0,599000
2184.207862,1395000
2184.207862,1049000
1778.0,4250000
1700.0,925000
1035.0,1695000
958.0,599000
1350.0,1250000
923.0,610000
2700.0,2299000
2184.207862,1350000
3600.0,2395000
2184.207862,3750000
1545.0,1080000
2184.207862,450000
5200.0,2250000
1150.0,588888
2184.207862,279000
1080.0,1199000
1276.0,1390000
2400.0,1150000
2184.207862,6350000
1013.0,650000
1340.0,599999
950.0,395000
700.0,299000
1113.0,549000
1066.0,1350000
571.0,499000
1026.0,1351242
830.0,249000
1096.0,479000
1757.0,1899000
694.0,275000
1711.0,2150000
1950.0,1999000
2580.0,1588000
2976.0,3200000
2184.207862,1999000
1574.0,1745000
2886.0,1488000
1444.0,1494000
2664.0,1108900
3040.0,3200000
1110.0,650000
8049.0,2050000
5890.0,1998000
2755.0,1250000
1000.0,749000
301.0,235000
5250.0,1215000
2184.207862,399000
1400.0,2465000
2184.207862,1200000
475.0,439000
930.0,975000
2184.207862,1499000
1050.0,650000
3900.0,2550000
5000.0,3200000
2743.0,1999999
518.0,460000
1003.0,1395000
2184.207862,290000
2100.0,1990000
3210.0,2980000
2046.0,3498000
4950.0,2595000
2184.207862,599889
1283.0,3995000
1560.0,589000
1800.0,1139000
4725.0,4500000
1927.0,2695000
728.0,125000
692.0,625000
2184.207862,775000
2184.207862,635000
4164.0,2375000
1050.0,545000
935.0,599000
1200.0,538000
900.0,342990
1600.0,1500000
1700.0,939000
2263.0,3150000
2146.0,1750000
2184.207862,360000
2200.0,720000
1728.0,1199999
1400.0,710000
700.0,200000
1400.0,699000
1728.0,1199999
1700.0,939000
12720.0,3000000
1200.0,559000
2552.0,1050000
1500.0,2649000
2184.207862,614000
787.0,925000
2184.207862,800000
579.0,559000
807.0,999999
700.0,269000
1054.0,838000
8460.0,2350000
792.0,220000
550.0,729000
1039.0,2045000
1258.0,749000
2184.207862,189000
775.0,399000
800.0,250000
1978.0,3695000
2240.0,680000
5100.0,1195000
1039.0,2045000
2184.207862,1599999
900.0,495000
875.0,314000
2184.207862,165000
1033.0,950000
2184.207862,975000
1074.0,449000
4100.0,2995000
775.0,325000
1094.0,1599000
2000.0,649000
703.0,1850000
1220.0,1395000
2184.207862,1080000
2184.207862,309000
2636.0,1499000
2184.207862,179000
2184.207862,595000
1656.0,849000
2184.207862,2780000
1230.0,759000
1652.0,549999
2184.207862,1750000
2184.0,4995000
2184.207862,1400000
2184.207862,725000
1000.0,249000
2184.207862,245000
1218.0,1500000
959.0,695000
2184.207862,975000
775.0,325000
4134.0,15500000
2000.0,649000
1700.0,1995000
2184.207862,655000
1230.0,759000
3300.0,1799000
1509.0,3250000
750.0,750000
2184.207862,1495000
2184.207862,658000
2184.207862,395000
2487.0,1999000
2184.207862,3950000
3498.0,4395000
540.0,368888
2184.207862,285000
2340.0,1290000
4357.0,11250000
2184.207862,458000
2184.207862,438000
1940.0,949900
1232.0,599000
2811.0,7500000
2184.207862,289000
500.0,635000
1584.0,1680000
2184.207862,1075000
667.0,580000
2780.0,838000
1830.0,8575000
2184.207862,2500000
2184.207862,200000
2184.207862,2595000
804.0,619000
500.0,1200000
3000.0,8250000
1600.0,1150000
387.0,375000
1483.0,2488000
2184.207862,625000
2184.207862,1510000
2184.207862,4500000
713.0,935000
2000.0,604200
2184.207862,375000
2184.207862,339000
2184.207862,1149000
3400.0,5200000
2500.0,950000
950.0,329000
2184.207862,279000
2500.0,2495000
8900.0,19995000
1075.0,595000
1696.0,850000
2184.207862,849990
1184.0,799000
2184.207862,550000
17000.0,3200000
1100.0,639000
2184.207862,849990
2848.0,2199999
3316.0,950000
1696.0,850000
2184.207862,1099500
2184.207862,2495000
2184.207862,1500000
970.0,720000
1882.0,4780000
700.0,760000
1628.0,2350000
825.0,339999
900.0,220000
750.0,499000
550.0,445000
700.0,299000
2150.0,4075000
950.0,580000
2184.207862,299900
1015.0,995000
2444.0,825000
1329.0,1525000
2184.207862,222888
1800.0,1995000
700.0,217000
500.0,468000
3375.0,1739888
1951.0,650000
2958.0,1690000
7984.0,2100000
5500.0,7450000
2184.207862,295000
1115.0,450000
2184.207862,995000
1216.0,629000
660.0,235000
525.0,485000
1108.0,1588000
1750.0,2695000
988.0,585000
2184.207862,1598000
713.0,848880
750.0,268000
1756.0,3700000
743.0,1125000
1200.0,329000
2184.207862,799000
2520.0,1380000
2184.207862,990000
2520.0,2499000
2155.0,2395000
2184.207862,600000
2184.207862,745000
2863.0,8525000
2816.0,1229000
950.0,799000
1650.0,625000
1821.0,1225000
2184.207862,299000
800.0,240000
750.0,165000
2184.207862,1285000
1000.0,765000
862.0,309000
3496.0,1250000
3200.0,2099000
2184.207862,560000
1981.0,3795000
2816.0,1229000
2184.207862,269500
2863.0,8525000
2184.207862,3275000
2184.207862,3795000
2184.207862,4150000
2184.207862,285000
2720.0,1249949
2052.0,649999
2184.207862,780000
1144.0,1075000
2184.207862,345000
2184.207862,4150000
1144.0,1075000
2184.207862,345000
2184.207862,365000
592.0,750000
1322.0,1850000
1692.0,1288000
2950.0,5250000
2184.207862,769000
2184.207862,925000
2184.207862,500000
2184.207862,625000
3039.0,1375000
700.0,270000
2184.207862,1273000
2184.207862,15000000
2184.207862,499000
2237.0,3585000
2184.207862,749999
1024.0,499000
556.0,595000
1845.0,5000000
2184.207862,1495000
1784.0,2995000
1200.0,469900
2184.207862,1995000
650.0,159999
1216.0,758000
1048.0,599999
2184.207862,749000
3750.0,2100000
2184.207862,32000000
1280.0,620000
1890.0,849000
1200.0,469900
2184.207862,1995000
2610.0,3250000
2184.207862,338000
2184.207862,3400000
1157.0,1575000
570.0,259000
3850.0,2300000
2184.207862,975000
2184.207862,879000
775.0,950000
1602.0,749999
1050.0,639000
1700.0,2300000
2184.207862,289000
3025.0,1698888
1528.0,1180000
2320.0,6750000
1890.0,499000
2184.207862,799000
750.0,600000
2184.207862,699000
2184.207862,1578000
2184.207862,849000
2184.207862,4275000
2184.207862,1550000
2500.0,489000
1890.0,499000
2184.207862,799000
750.0,600000
2184.207862,6700000
750.0,319000
6532.0,10750000
730.0,520000
2184.207862,715000
1000.0,689000
3700.0,5750000
2184.207862,885000
1400.0,899000
2184.207862,1250000
2184.207862,580000
1500.0,1825000
700.0,249000
2184.207862,1175000
750.0,232000
988.0,1100000
2184.207862,1695000
2184.207862,300000
1666.0,4999000
4600.0,1690000
2217.0,849999
1827.0,1695000
2184.207862,3900000
2675.0,669000
2184.207862,1900000
2184.207862,350000
2184.207862,875000
2184.207862,489000
1687.0,2800000
2184.207862,949000
2184.207862,675000
548.0,459000
2184.207862,899000
6800.0,13650000
2184.207862,21000000
3698.0,15900000
1960.0,4995000
1710.0,2250000
930.0,989000
650.0,309999
2130.0,4880000
830.0,600000
2515.0,5400000
2184.207862,265000
750.0,240000
2736.0,1790000
622.0,225000
3733.0,1299000
995.0,1625000
2184.207862,420000
910.0,385000
2184.207862,2720000
2444.0,1396000
2400.0,1195000
2184.207862,620000
2184.207862,300000
2184.207862,539000
1025.0,599000
1394.0,5200000
2184.207862,650000
3200.0,5600000
500.0,700000
1352.0,469000
2184.207862,1950000
1600.0,729888
2184.207862,2225000
2184.207862,890000
2172.0,949000
1500.0,650000
5129.0,16500000
1152.0,579999
2184.207862,1499000
1350.0,535000
1500.0,1250000
2520.0,1388000
2184.207862,845000
712.0,550000
4662.0,2599000
2184.207862,498000
1675.0,840000
1500.0,1250000
2184.207862,845000
2184.207862,890000
2172.0,949000
2184.207862,2800000
2184.207862,699000
2184.207862,225000
2184.207862,4995000
3341.0,2800000
2184.207862,4100000
800.0,725000
873.0,349999
1050.0,280000
2184.207862,689000
739.0,595000
4360.0,3200000
6000.0,15990000
1428.0,2350000
2184.207862,369000
631.0,705000
1800.0,599999
2184.207862,488888
2184.207862,600000
1125.0,1300000
1672.0,925000
1294.0,1675000
2184.207862,499998
1065.0,1395000
1100.0,1450000
1920.0,1488000
2184.207862,439000
1310.0,674999
2184.207862,3950000
1672.0,925000
681.0,329000
1125.0,1300000
1100.0,685000
1785.0,589000
2184.207862,599000
2184.207862,1325000
1218.0,2495000
2068.0,1299999
2134.0,1050000
2184.207862,799000
65535.0,31500000
1341.0,399000
771.0,399000
1200.0,1095000
4017.0,14950000
600.0,1195000
2184.207862,300000
2184.207862,565000
2184.207862,649000
1039.0,815000
2184.207862,1250000
1700.0,3900000
759.0,795000
2185.0,970000
750.0,478000
3786.0,999000
1471.0,2499000
426.0,460000
2115.0,669000
2184.207862,6900000
992.0,499000
2184.207862,1250000
2184.207862,1000000
654.0,534900
2184.207862,1175000
1720.0,865000
1605.0,1249000
2184.207862,1500000
7327.0,10750000
800.0,495000
2184.207862,249000
2184.207862,319000
800.0,338000
2184.207862,1095000
2184.207862,625000
1168.0,1650000
1494.0,1575000
489.0,459000
2184.207862,6300000
2184.207862,375000
2184.207862,749000
2184.207862,410000
4000.0,8100000
3240.0,2200000
681.0,399000
2184.207862,549000
1025.0,625000
1110.0,700000
2184.207862,495000
2184.207862,1399995
920.0,375000
2184.207862,270000
886.0,389990
2484.0,1700000
1890.0,700000
2184.207862,2695000
1332.0,499000
500.0,375000
2367.0,8950000
2184.207862,559000
1856.0,3995000
1800.0,695000
2052.0,715000
1070.0,929888
1368.0,948000
2184.207862,999000
2184.207862,2499000
2400.0,1025000
12733.0,4195000
2184.207862,167999
246.0,250000
1010.0,1345000
1732.0,634999
1150.0,1675000
2184.207862,410000
2120.0,3550000
2184.207862,900000
2670.0,5500000
1634.0,600000
3120.0,2599000
2184.207862,288000
1856.0,2750000
920.0,750000
1800.0,2150000
1560.0,3995000
2184.207862,1398000
937.0,849000
971.0,995000
940.0,899000
1100.0,519000
1100.0,519000
971.0,995000
860.0,659000
2625.0,15000000
2570.0,1080000
578.0,599000
1330.0,1195000
2184.207862,1059000
2184.207862,1200000
5427.0,24500000
730.0,490000
712.0,580000
1365.0,465000
2184.207862,499500
2184.207862,225000
2697.0,7995000
367.0,529000
2184.207862,378023
2184.207862,309000
2184.207862,295500
2184.207862,21000000
1080.0,749000
2184.207862,1125000
2184.207862,795000
2184.207862,872500
702.0,654250
2002.0,749000
2090.0,699000
822.0,1350000
971.0,995000
2184.207862,460000
940.0,899000
7040.0,10500000
2184.207862,21000000
2184.207862,1125000
1380.0,829999
1350.0,1950000
800.0,740000
702.0,654250
2184.207862,795000
2184.207862,872500
2184.207862,518000
2184.207862,500000
1500.0,1175000
815.0,275000
2184.207862,550000
4100.0,2500000
2184.207862,2000000
1400.0,975000
800.0,279000
2184.207862,1058000
300.0,189000
1965.0,3450000
721.0,550000
1520.0,1499000
2184.207862,1299999
2184.207862,219000
1729.0,2600000
1923.0,825900
680.0,370000
840.0,569000
2184.207862,890000
2002.0,749000
2184.207862,555000
2184.207862,799000
2355.0,2300000
1989.0,799000
2184.207862,2000000
1111.0,2500000
1729.0,2600000
2000.0,799000
2184.207862,349000
3608.0,1299999
2681.0,1380000
472.0,499000
2969.0,4750000
2184.207862,285000
800.0,789000
2184.207862,370000
7854.0,1700000
2184.207862,1950000
903.0,945000
3600.0,2999999
2184.207862,599000
2184.207862,245000
2184.207862,1275000
655.0,598125
750.0,349000
